FX-8150,AMD FX-Series Processors,AMD FX 8-Core Black Edition Processors,Desktop,,8,8,,,3.6GHz,4.2GHz,,384KB,8MB,8MB,Yes,32nm,AM3+,,n/a,,125W,,61°C,,DDR3,,,,,Discrete Graphics Card Required,,,,,,AMD FX-8150 Eight-Core,139.95,139.9,4968,35.5,1377,9.84,125,39.75,11-Sep,AM3+,Desktop,11-Sep,9/1/2011
FX-4100,AMD FX-Series Processors,AMD FX 4-Core Black Edition Processors,Desktop,,4,4,,,3.6GHz,3.8GHz,,192KB,4MB,8MB,Yes,32nm SOI,AM3+,,n/a,,95W,,70.50°C,1866MHz,DDR3,,,,,Discrete Graphics Card Required,,,,,,AMD FX-4100 Quad-Core,39.38,39.3,2591,65.79,1313,33.34,95,27.27,11-Oct,AM3+,Desktop,11-Oct,10/1/2011
FX-8120,AMD FX-Series Processors,AMD FX 8-Core Black Edition Processors,Desktop,,8,8,,,3.1GHz,4GHz,,384KB,8MB,8MB,Yes,32nm,AM3+,,n/a,,125W,,61°C,,Not Listed,,,,,Discrete Graphics Card Required,,,,,,AMD FX-8120 Eight-Core,99.95,99.9,4341,43.43,1320,13.21,125,34.73,11-Oct,AM3+,Desktop,11-Oct,10/1/2011
FX-4170,AMD FX-Series Processors,AMD FX 4-Core Black Edition Processors,Desktop,,4,4,,,4.2GHz,4.3GHz,,192KB,4MB,8MB,No,32nm,AM3+,,n/a,,125W,,61.10°C,,Not Listed,,,,,Discrete Graphics Card Required,,,,,,AMD FX-4170 Quad-Core,$128.68*,$128.68 ,2897,22.52,1436,11.16,125,23.18,12-Mar,AM3+,Desktop,12-Mar,3/1/2012
FX-6200,AMD FX-Series Processors,AMD FX 6-Core Black Edition Processors,Desktop,,6,6,,,3.8GHz,4.1GHz,,288KB,6MB,8MB,Yes,32nm SOI,AM3+,,n/a,,125W,,61.10°C,1866MHz,DDR3,,,,,Discrete Graphics Card Required,,,,,,AMD FX-6200 Six-Core,98.86,98.8,3995,40.41,1404,14.2,125,31.96,12-Mar,AM3+,Desktop,12-Mar,3/1/2012
FX-6300,AMD FX-Series Processors,AMD FX 6-Core Black Edition Processors,Desktop,,6,6,,,3.5GHz,3.8GHz,,288KB,6MB,8MB,No,32nm SOI,AM3+,,PCIe 3.0,,95W,,70.50°C,1866MHz,DDR3,,,,,Discrete Graphics Card Required,,,,,,AMD FX-6300 Six-Core,70,7,4114,58.77,1475,21.07,95,43.31,12-Oct,AM3+,Desktop,12-Oct,10/1/2012
FX-8320,AMD FX-Series Processors,AMD FX 8-Core Black Edition Processors,Desktop,,8,8,,,3.5GHz,4GHz,,384KB,8MB,8MB,Yes,32nm SOI,AM3+,,n/a,,125W,,61.10°C,1866MHz,DDR3,,,,,Discrete Graphics Card Required,,,,,,AMD FX-8320 Eight-Core,169.95,169.9,5284,31.09,1460,8.59,125,42.27,12-Oct,AM3+,Desktop,12-Oct,10/1/2012
FX-4130,AMD FX-Series Processors,AMD FX 4-Core Black Edition Processors,Desktop,,4,4,,,3.8GHz,3.9GHz,,192KB,4MB,4MB,Yes,32nm SOI,AM3,,n/a,,125W,,70°C,1866MHz,DDR3,,,,,Discrete Graphics Card Required,,,,,,AMD FX-4130 Quad-Core,68.86,68.8,2654,38.55,1300,18.88,125,21.24,12-Dec,AM3+,Desktop,12-Dec,12/1/2012
FX-4300,AMD FX-Series Processors,AMD FX 4-Core Black Edition Processors,Desktop,,4,4,,,3.8GHz,4GHz,,192KB,4MB,4MB,Yes,32nm SOI,AM3+,,n/a,,95W,,70.50°C,1866MHz,DDR3,,,,,Discrete Graphics Card Required,,,,,,AMD FX-4300 Quad-Core,69.95,69.9,2979,42.59,1498,21.41,95,31.36,12-Dec,AM3+,Desktop,12-Dec,12/1/2012
FX-8300,AMD FX-Series Processors,AMD FX 8-Core Black Edition Processors,Desktop,,8,8,,,3.3GHz,4.2GHz,,384KB,8MB,8MB,Yes,32nm SOI,AM3+,,n/a,,95W,,70.50°C,1866MHz,DDR3,,,,,Discrete Graphics Card Required,,,,,,AMD FX-8300 Eight-Core,149.95,149.9,5338,35.6,1496,9.98,95,56.19,13-Jan,AM3+,Desktop,13-Jan,1/1/2013
FX-4350,AMD FX-Series Processors,AMD FX 4-Core Black Edition Processors,Desktop,,4,4,,,4.2GHz,4.3GHz,,192KB,4MB,8MB,Yes,32nm SOI,AM3+,,n/a,,125W,,61.10°C,1866MHz,DDR3,,,,,Discrete Graphics Card Required,,,,,,AMD FX-4350 Quad-Core,98.68,98.6,3406,34.51,1647,16.69,125,27.24,13-Jun,AM3+,Desktop,13-Jun,6/1/2013
E1-2100,AMD E-Series Processors,AMD E1-Series APU for Laptops,Laptop,,2,2,,,1GHz,,,,1MB,,No,28nm,FT3,,,,9W,,,,,1,,,,AMD Radeon™ HD 8210,,Yes,Yes,,,AMD E1-2100 APU,NA,0,413,NA,327,NA,9,45.93,13-Jul,FT3,Laptop,13-Jul,7/1/2013
FX-9370,AMD FX-Series Processors,AMD FX 8-Core Black Edition Processors,Desktop,,8,8,,,4.4GHz,4.7GHz,,384KB,8MB,8MB,Yes,32nm SOI,AM3+,,n/a,,220W,,57°C,1866MHz,DDR3,,,,,Discrete Graphics Card Required,,,,,,AMD FX-9370 Eight-Core,298.68,298.6,6033,20.2,1667,5.58,220,27.42,13-Jul,AM3+,Desktop,13-Jul,7/1/2013
FX-9590,AMD FX-Series Processors,AMD FX 8-Core Black Edition Processors,Desktop,,8,8,,,4.7GHz,5GHz,,384KB,8MB,8MB,Yes,32nm SOI,AM3+,,n/a,,220W,,57°C,1866MHz,DDR3,,,,,Discrete Graphics Card Required,,,,,,AMD FX-9590 Eight-Core,221,22,6625,29.98,1802,8.15,220,30.12,13-Aug,AM3+,Desktop,13-Aug,8/1/2013
E1-2500,AMD E-Series Processors,AMD E1-Series APU for Laptops,Laptop,,2,2,,,1.4GHz,,,,1MB,,No,28nm,FT3,,,,15W,,,,,1,,,,AMD Radeon™ HD 8240,,Yes,Yes,,,AMD E1-2500 APU,NA,0,592,NA,456,NA,15,39.45,13-Sep,FT3,Laptop,13-Sep,9/1/2013
A10-7700K,AMD A-Series Processors,AMD A10-Series APU for Desktops,Desktop,,4,4,6,10 (4 CPU + 6 GPU),3.4GHz,3.8GHz,,256KB,4MB,,Yes,28nm,FM2+,,,,,45W/65WW,72.40°C,2133MHz,,2,,720 MHz,,AMD Radeon™ R7 Graphics,384,Yes,Yes,,,AMD A10-7700K APU,119.99,119.9,3191,26.6,1451,12.09,95,33.59,14-Jan,FM2+,Desktop,14-Jan,1/1/2014
A10-7850K,AMD A-Series Processors,AMD A10-Series APU for Desktops,Desktop,,4,4,8,12 (4 CPU + 8 GPU),3.7GHz,4GHz,,256KB,4MB,,Yes,28nm,FM2+,,,,95W,,72.40°C,2133MHz,,2,,720 MHz,,AMD Radeon™ R7 Graphics,512,Yes,Yes,,,AMD A10-7850K APU,149.95,149.9,3271,21.82,1445,9.64,95,34.43,14-Jan,FM2+,Desktop,14-Jan,1/1/2014
E2-3000,AMD E-Series Processors,AMD E2-Series APU for Laptops,Laptop,,2,2,,,1.65GHz,,,,1MB,,No,28nm,FT3,,,,15W,,,,,1,,,,AMD Radeon™ HD 8280,,Yes,Yes,,,AMD E2-3000 APU,NA,0,682,NA,514,NA,15,45.43,14-Feb,FT3,Laptop,14-Feb,2/1/2014
E2-3800,AMD E-Series Processors,AMD E2-Series APU for Laptops,Laptop,,4,4,,,1.3GHz,,,128KB,2MB,,No,28nm,FT3,,,,15W,,90°C,1600MHz,,1,,450 MHz,,AMD Radeon™ HD 8280,128,Yes,Yes,,,AMD E2-3800 APU,NA,0,971,NA,416,NA,15,64.73,14-Feb,FT3,Laptop,14-Feb,2/1/2014
A10-7800,AMD A-Series Processors,AMD A10-Series APU for Desktops,Desktop,,4,4,8,12 (4 CPU + 8 GPU),3.5GHz,3.9GHz,,256KB,4MB,,No,28nm,FM2+,,,,,45W/65WW,71.30°C,2133MHz,,2,,720 MHz,,AMD Radeon™ R7 Graphics,512,Yes,Yes,,,AMD A10-7800 APU,149.86,149.8,3063,20.44,1417,9.46,65,47.13,14-Jun,FM2+,Desktop,14-Jun,6/1/2014
E1-6010,AMD E-Series Processors,AMD E1-Series APU for Laptops,Laptop,,2,2,,,1.35GHz,,,,1MB,,No,28nm,FT3b,,,,10W,,,,,1,,,,AMD Radeon™ R2 Graphics,,Yes,Yes,,,AMD E1-6010 APU,NA,0,538,NA,422,NA,10,53.8,14-Jul,FT3b,Laptop,14-Jul,7/1/2014
FX-8370E,AMD FX-Series Processors,AMD FX 8-Core Black Edition Processors,Desktop,,8,8,,,3.3GHz,4.3GHz,,384KB,8MB,8MB,Yes,32nm SOI,AM3+,,n/a,,95W,,70.50°C,1866MHz,DDR3,,,,,Discrete Graphics Card Required,,,,,,AMD FX-8370E Eight-Core,295.86,295.8,5061,17.1,1432,4.84,95,53.27,14-Sep,AM3+,Desktop,14-Sep,9/1/2014
E1-2200,AMD E-Series Processors,AMD E1-Series APU for Laptops,Laptop,,2,2,,,1GHz,,,,1MB,,No,28nm,FT3,,,,9W,,,,,1,,,,AMD Radeon™ HD 8210,,Yes,Yes,,,AMD E1-2200 APU,NA,0,445,NA,346,NA,9,49.44,14-Oct,FT3,Laptop,14-Oct,10/1/2014
E2-6110,AMD E-Series Processors,AMD E2-Series APU for Laptops,Laptop,,4,4,,,1.5GHz,,,,2MB,,No,28nm,FT3b,,,,15W,,,1600MHz,,1,,,,AMD Radeon™ R2 Graphics,,Yes,Yes,,,AMD E2-6110 APU,NA,0,1125,NA,453,NA,15,74.97,14-Oct,"AM1,FT3b",Laptop,14-Oct,10/1/2014
FX-7500,AMD FX-Series Processors,AMD FX-Series Processors for Laptops,Laptop,,4,4,6,10 (4 CPU + 6 GPU),2.1GHz,3.3GHz,,,4MB,,No,28nm,FP3,,,,20W,,,1600MHz,,2,,553 MHz,,AMD Radeon™ R7 Graphics,,Yes,Yes,,,AMD FX-7500 APU,NA,0,1955,NA,1007,NA,19,102.87,14-Oct,FP3,Laptop,14-Oct,10/1/2014
FX-7600P,AMD FX-Series Processors,AMD FX-Series Processors for Laptops,Laptop,,4,4,8,12 (4 CPU + 8 GPU),2.7GHz,3.6GHz,,,4MB,,No,28nm,FP3,,,,35W,,,2133MHz,,2,,686 MHz,,AMD Radeon™ R7 Graphics,,Yes,Yes,,,AMD FX-7600P APU,NA,0,2817,NA,1335,NA,35,80.48,14-Oct,FP3,Laptop,14-Oct,10/1/2014
FX-8310,AMD FX-Series Processors,AMD FX 8-Core Black Edition Processors,Desktop,,8,8,,,3.4GHz,4.3GHz,,,8MB,,Yes,32nm,AM3+,,n/a,,95W,,70.50°C,,Not Listed,,,,,Discrete Graphics Card Required,,,,,,AMD FX-8310 Eight-Core,NA,0,4996,NA,1438,NA,95,52.59,14-Oct,AM3+,Desktop,14-Oct,10/1/2014
FX-8320E,AMD FX-Series Processors,AMD FX 8-Core Black Edition Processors,Desktop,,8,8,,,3.2GHz,4GHz,,384KB,8MB,8MB,Yes,32nm SOI,AM3+,,n/a,,95W,,70.50°C,1866MHz,DDR3,,,,,Discrete Graphics Card Required,,,,,,AMD FX-8320E Eight-Core,162.99,162.9,5003,30.69,1361,8.35,95,52.66,14-Oct,AM3+,Desktop,14-Oct,10/1/2014
FX-7600P,AMD FX-Series Processors,AMD FX-Series Processors for Laptops,Laptop,,4,4,8,12 (4 CPU + 8 GPU),2.7GHz,3.6GHz,,,4MB,,No,28nm,FP3,,,,35W,,,2133MHz,,2,,686 MHz,,AMD Radeon™ R7 Graphics,,Yes,Yes,,,AMD FX-7600P,NA,0,2490,NA,1202,NA,35,71.13,15-Jan,FP3,Laptop,15-Jan,1/1/2015
A10-8700P,AMD A-Series Processors,AMD A10-Series APU for AIOs,All-in-One,,4,4,6,10 (4 CPU + 6 GPU),1.8GHz,3.2GHz,,,2MB,,No,28nm,FP4,,,,,,90°C,2133MHz,,2,,800 MHz,,AMD Radeon™ R6 Graphics,,Yes,Yes,,,AMD A10-8700P,NA,0,2250,NA,1130,NA,35,64.29,15-Jul,FP4,Laptop,15-Jul,7/1/2015
FX-8800P,AMD FX-Series Processors,AMD FX-Series Processors for AIOs,All-in-One,,4,4,8,12 (4 CPU + 8 GPU),2.1GHz,3.4GHz,,,2MB,,No,28nm,FP4,,,,,,90°C,2133MHz,,2,,800 MHz,,AMD Radeon™ R7 Graphics,,Yes,Yes,,,AMD FX-8800P,NA,0,3050,NA,1428,NA,35,87.14,15-Aug,FP4,Laptop,15-Aug,8/1/2015
FX-4320,AMD FX-Series Processors,AMD FX 4-Core Black Edition Processors,Desktop,,4,4,,,4GHz,4.1GHz,,192KB,4MB,4MB,No,32nm SOI,AM3+,,Not Listed,,95W,,70.50°C,1866MHz,DDR3,,,,,Discrete Graphics Card Required,,,,,,AMD FX-4320,NA,0,3276,NA,1601,NA,95,34.49,16-Jan,AM3+,Desktop,16-Jan,1/1/2016
A10-7890K,AMD A-Series Processors,AMD A10-Series APU for Desktops,Desktop,,4,,8,12 (4 CPU + 8 GPU),4.1GHz,4.3GHz,,256KB,4MB,,Yes,28nm,FM2+,,,Wraith cooler,95W,,72.40°C,2133MHz,,2,,866 MHz,,AMD Radeon™ R7 Graphics,512,Yes,Yes,,,AMD A10-7890K,$199.99*,$199.99 ,3624,18.12,1640,8.2,95,38.15,16-Apr,FM2+,Desktop,16-Apr,4/1/2016
AMD Ryzen 7 1800X,AMD Ryzen Processors,AMD Ryzen 7 Desktop Processors,Desktop,3/2/2017,8,16,,,3.6GHz,4GHz,,768KB,4MB,16MB,Yes,14nm,AM4,,PCIe 3.0 x16,Not included,95W,,95°C,2667MHz,DDR4,2,,,,Discrete Graphics Card Required,,,,,,AMD Ryzen 7 1800X,285.43,285.4,16229,56.86,2163,7.58,95,170.83,17-Feb,AM4,Desktop,17-Feb,2/1/2017
AMD Ryzen 5 1600,AMD Ryzen Processors,AMD Ryzen 5 Desktop Processors,Desktop,4/11/2017,6,12,,,3.2GHz,3.6GHz,,576KB,3MB,16MB,Yes,14nm,AM4,,PCIe 3.0 x16,Wraith Spire (No LED),65W,,95°C,2667MHz,DDR4,2,,,,Discrete Graphics Card Required,,,,,,AMD Ryzen 5 1600,104.99,104.9,12525,119.3,2111,20.11,65,192.69,17-Mar,AM4,Desktop,17-Mar,3/1/2017
AMD Ryzen 7 1700X,AMD Ryzen Processors,AMD Ryzen 7 Desktop Processors,Desktop,3/2/2017,8,16,,,3.4GHz,3.8GHz,,768KB,4MB,16MB,Yes,14nm,AM4,,PCIe 3.0 x16,Not included,95W,,95°C,2667MHz,DDR4,2,,,,Discrete Graphics Card Required,,,,,,AMD Ryzen 7 1700X,249.99,249.9,15649,62.6,2076,8.31,95,164.72,17-Mar,AM4,Desktop,17-Mar,3/1/2017
AMD Ryzen 5 1400,AMD Ryzen Processors,AMD Ryzen 5 Desktop Processors,Desktop,4/11/2017,4,8,,,3.2GHz,3.4GHz,,384KB,2MB,8MB,Yes,14nm,AM4,,PCIe 3.0 x16,Wraith Stealth,65W,,95°C,2667MHz,DDR4,2,,,,Discrete Graphics Card Required,,,,,,AMD Ryzen 5 1400,186.86,186.8,7971,42.66,1940,10.38,65,122.63,17-Apr,AM4,Desktop,17-Apr,4/1/2017
AMD Ryzen 5 1500X,AMD Ryzen Processors,AMD Ryzen 5 Desktop Processors,Desktop,4/11/2017,4,8,,,3.5GHz,3.7GHz,,384KB,2MB,16MB,Yes,14nm,AM4,,PCIe 3.0 x16,Wraith Spire (No LED),65W,,95°C,2667MHz,DDR4,2,,,,Discrete Graphics Card Required,,,,,,AMD Ryzen 5 1500X,228.86,228.8,8982,39.25,2073,9.06,65,138.19,17-Apr,AM4,Desktop,17-Apr,4/1/2017
AMD Ryzen 5 1600X,AMD Ryzen Processors,AMD Ryzen 5 Desktop Processors,Desktop,4/11/2017,6,12,,,3.6GHz,4GHz,,576KB,3MB,16MB,Yes,14nm,AM4,,PCIe 3.0 x16,Not included,95W,,95°C,2667MHz,DDR4,2,,,,Discrete Graphics Card Required,,,,,,AMD Ryzen 5 1600X,258.86,258.8,13132,50.73,2196,8.48,95,138.23,17-Apr,AM4,Desktop,17-Apr,4/1/2017
AMD Ryzen 3 1200,AMD Ryzen Processors,AMD Ryzen 3 Desktop Processors,Desktop,7/27/2017,4,4,,,3.1GHz,3.4GHz,,384KB,2MB,8MB,Yes,14nm,AM4,,PCIe 3.0 x16,Wraith Stealth,65W,,95°C,2667MHz,DDR4,2,,,,Discrete Graphics Card Required,,,,,,AMD Ryzen 3 1200,87.2,87,6319,72.46,1922,22.04,65,97.21,17-Jun,AM4,Desktop,17-Jun,6/1/2017
AMD Ryzen 7 PRO 1700X,AMD Ryzen PRO Processors,AMD Ryzen 7 PRO Desktop Processors,Desktop,6/29/2017,8,16,,,3.4GHz,3.8GHz,,,4MB,16MB,No,14nm,AM4,,PCIe 3.0 x16,,95W,,95°C,2667MHz,DDR4,2,,,,Discrete Graphics Card Required,,,,,,AMD Ryzen 7 PRO 1700X,NA,0,15870,NA,2217,NA,95,167.05,17-Jun,AM4,Desktop,17-Jun,6/1/2017
AMD Ryzen 5 PRO 1500,AMD Ryzen PRO Processors,AMD Ryzen 5 PRO Desktop Processors,Desktop,6/29/2017,4,8,,,3.5GHz,3.7GHz,,384KB,2MB,16MB,No,14nm,AM4,,PCIe 3.0 x16,,65W,,95°C,2667MHz,DDR4,2,,,,Discrete Graphics Card Required,,,,,,AMD Ryzen 5 PRO 1500,NA,0,9809,NA,2203,NA,65,150.91,17-Jul,AM4,Desktop,17-Jul,7/1/2017
AMD Ryzen 3 1300X,AMD Ryzen Processors,AMD Ryzen 3 Desktop Processors,Desktop,7/27/2017,4,4,,,3.5GHz,3.7GHz,,384KB,2MB,8MB,Yes,14nm,AM4,,PCIe 3.0 x16,Wraith Stealth,65W,,95°C,2667MHz,DDR4,2,,,,Discrete Graphics Card Required,,,,,,AMD Ryzen 3 1300X,192.9,192,7058,36.59,2135,11.07,65,108.59,17-Aug,AM4,Desktop,17-Aug,8/1/2017
AMD Ryzen 3 PRO 1200,AMD Ryzen PRO Processors,AMD Ryzen 3 PRO Desktop Processors,Desktop,6/29/2017,4,4,,,3.1GHz,3.4GHz,,384KB,2MB,8MB,No,14nm,AM4,,PCIe 3.0 x16,,65W,,95°C,2667MHz,DDR4,2,,,,Discrete Graphics Card Required,,,,,,AMD Ryzen 3 PRO 1200,NA,0,6848,NA,1872,NA,65,105.35,17-Aug,AM4,Desktop,17-Aug,8/1/2017
AMD Athlon X4 950,AMD Athlon Processors,AMD Athlon X4,Desktop,7/27/2017,4,4,,,3.5GHz,3.8GHz,,,2MB,,Yes,28nm,AM4,,PCIe 3.0,,,45/65W,,2400MHz,DDR4,,,,,Discrete Graphics Card Required,,,,,,AMD Athlon X4 950,118.86,118.8,3656,30.76,1596,13.42,65,56.24,17-Sep,AM4,Desktop,17-Sep,9/1/2017
AMD EPYC 7551,AMD EPYC,AMD EPYC 7001 Series,Server,,32,64,,,2GHz,3GHz,2.55GHz,,,64MB,,,SP3,1P/2P,PCIe 3.0 x128,,180W,,,2666MHz,DDR4,8,170.60 GB/s,,,,,,,,,AMD EPYC 7551,"1,395.00",139,19606,14.05,1660,1.19,180,108.92,17-Sep,SP3,Server,17-Sep,9/1/2017
AMD Ryzen 3 PRO 1300,AMD Ryzen PRO Processors,AMD Ryzen 3 PRO Desktop Processors,Desktop,6/29/2017,4,4,,,3.5GHz,3.7GHz,,384KB,2MB,8MB,No,14nm,AM4,,PCIe 3.0 x16,,65W,,95°C,2667MHz,DDR4,2,,,,Discrete Graphics Card Required,,,,,,AMD Ryzen 3 PRO 1300,NA,0,7825,NA,2222,NA,65,120.38,17-Sep,AM4,Desktop,17-Sep,9/1/2017
AMD Ryzen 5 PRO 1600,AMD Ryzen PRO Processors,AMD Ryzen 5 PRO Desktop Processors,Desktop,6/29/2017,6,12,,,3.2GHz,3.6GHz,,576KB,3MB,16MB,No,14nm,AM4,,PCIe 3.0 x16,,65W,,95°C,2667MHz,DDR4,2,,,,Discrete Graphics Card Required,,,,,,AMD Ryzen 5 PRO 1600,NA,0,10758,NA,1728,NA,65,165.51,17-Sep,AM4,Desktop,17-Sep,9/1/2017
AMD Ryzen 7 PRO 1700,AMD Ryzen PRO Processors,AMD Ryzen 7 PRO Desktop Processors,Desktop,6/29/2017,8,16,,,3GHz,3.7GHz,,768KB,4MB,16MB,No,14nm,AM4,,PCIe 3.0 x16,,65W,,95°C,2667MHz,DDR4,2,,,,Discrete Graphics Card Required,,,,,,AMD Ryzen 7 PRO 1700,NA,0,14023,NA,2016,NA,65,215.74,17-Sep,AM4,Desktop,17-Sep,9/1/2017
AMD EPYC 7351P,AMD EPYC,AMD EPYC 7001 Series,Server,,16,32,,,2.4GHz,2.9GHz,2.9GHz,,,64MB,,,SP3,1P,PCIe 3.0 x128,,155/170W,,,2400MHz/2666MHz,DDR4,8,153.60 GB/s/170.60 GB/s,,,,,,,,,AMD EPYC 7351P,"1,498.00",149,15792,10.54,1691,1.13,155,101.88,17-Nov,SP3,Server,17-Nov,11/1/2017
AMD EPYC 7401P,AMD EPYC,AMD EPYC 7001 Series,Server,,24,48,,,2GHz,3GHz,2.8GHz,,,64MB,,,SP3,1P,PCIe 3.0 x128,,155/170W,,,2400MHz/2666MHz,DDR4,8,153.60 GB/s/170.60 GB/s,,,,,,,,,AMD EPYC 7401P,980,98,21450,21.89,1645,1.68,155,138.39,17-Nov,SP3,Server,17-Nov,11/1/2017
AMD Ryzen 5 2500U,AMD Ryzen Processors,AMD Ryzen 5 Mobile Processors with Radeon™ Vega Graphics,Laptop,10/26/2017,4,8,8,,2GHz,3.6GHz,,384KB,2MB,4MB,No,14nm,FP5,,PCIe 3.0,n/a,15W,12-25W,95°C,2400MHz,,2,,1100 MHz,,Radeon™ Vega 8 Graphics,8,Yes,Yes,,,AMD Ryzen 5 2500U,NA,0,6587,NA,1829,NA,15,439.15,17-Nov,FP5,Laptop,17-Nov,11/1/2017
AMD EPYC 7501,AMD EPYC,AMD EPYC 7001 Series,Server,,32,64,,,2GHz,3GHz,2.6GHz,,,64MB,,,SP3,1P/2P,PCIe 3.0 x128,,155/170W,,,2400MHz/2666MHz,DDR4,8,153.60 GB/s/170.60 GB/s,,,,,,,,,AMD EPYC 7501,"3,353.80",3353,20094,5.99,1735,0.52,155,129.64,17-Dec,SP3,Server,17-Dec,12/1/2017
AMD Ryzen 3 2200U,AMD Ryzen Processors,AMD Ryzen 3 Mobile Processors with Radeon™ Vega Graphics,Laptop,1/8/2018,2,4,3,,2.5GHz,3.4GHz,,384KB,1MB,4MB,No,14nm,FP5,,PCIe 3.0,n/a,15W,12-25W,95°C,2400MHz,,2,,1100 MHz,,Radeon™ Vega 3 Graphics,3,Yes,Yes,,,AMD Ryzen 3 2200U,NA,0,3615,NA,1668,NA,15,241.03,17-Dec,FP5,Laptop,17-Dec,12/1/2017
AMD Ryzen 7 2700U,AMD Ryzen Processors,AMD Ryzen 7 Mobile Processors with Radeon™ RX Vega Graphics,Laptop,10/26/2017,4,8,10,,2.2GHz,3.8GHz,,384KB,2MB,4MB,No,14nm,FP5,,PCIe 3.0,n/a,15W,12-25W,95°C,2400MHz,,2,,1300 MHz,,Radeon™ RX Vega 10 Graphics,10,Yes,Yes,,,AMD Ryzen 7 2700U,NA,0,6209,NA,1444,NA,15,413.91,17-Dec,FP5,Laptop,17-Dec,12/1/2017
AMD EPYC 7451,AMD EPYC,AMD EPYC 7001 Series,Server,,24,48,,,2.3GHz,3.2GHz,2.9GHz,,,64MB,,,SP3,1P/2P,PCIe 3.0 x128,,180W,,,2666MHz,DDR4,8,170.60 GB/s,,,,,,,,,AMD EPYC 7451,"2,400.00",240,16718,6.97,1873,0.78,180,92.88,18-Jan,SP3,Server,18-Jan,1/1/2018
AMD EPYC 7251,AMD EPYC,AMD EPYC 7001 Series,Server,,8,16,,,2.1GHz,2.9GHz,2.9GHz,,,32MB,,,SP3,1P/2P,PCIe 3.0 x128,,120W,,,2400MHz,DDR4,8,153.60 GB/s,,,,,,,,,AMD EPYC 7251,401.36,401.3,12529,31.22,1448,3.61,120,104.41,18-Feb,SP3,Server,18-Feb,2/1/2018
AMD Ryzen 3 2200G,AMD Ryzen Processors,AMD Ryzen 3 Desktop Processors with Radeon™ Vega Graphics,Desktop,2/12/2018,4,4,8,,3.5GHz,3.7GHz,,384KB,2MB,4MB,Yes,14nm FinFET,AM4,,PCIe 3.0 x8,Wraith Stealth,65W,46-65W,95°C,2993MHz,,2,,1100 MHz,,Radeon™ Vega 8 Graphics,8,Yes,Yes,,,AMD Ryzen 3 2200G,139.66,139.6,6758,48.39,2065,14.78,65,103.96,18-Feb,AM4,Desktop,18-Feb,2/1/2018
AMD Ryzen 5 2400G,AMD Ryzen Processors,AMD Ryzen 5 Desktop Processors with Radeon™ Vega Graphics,Desktop,2/12/2018,4,8,11,,3.6GHz,3.9GHz,,384KB,2MB,4MB,Yes,14nm FinFET,AM4,,PCIe 3.0 x8,Wraith Stealth,65W,46-65W,95°C,2933MHz,,2,,1250 MHz,,Radeon™ RX Vega 11 Graphics,11,Yes,Yes,,,AMD Ryzen 5 2400G,259.98,259.9,8853,34.05,2188,8.41,65,136.2,18-Feb,AM4,Desktop,18-Feb,2/1/2018
AMD EPYC 7551P,AMD EPYC,AMD EPYC 7001 Series,Server,,32,64,,,2GHz,3GHz,2.55GHz,,,64MB,,,SP3,1P,PCIe 3.0 x128,,180W,,,2666MHz,DDR4,8,170.60 GB/s,,,,,,,,,AMD EPYC 7551P,"2,034.08",2034,23581,11.59,1533,0.75,180,131.01,18-Mar,SP3,Server,18-Mar,3/1/2018
AMD Ryzen 3 PRO 2200G,AMD Ryzen PRO Processors,AMD Ryzen 3 PRO Desktop Processors with Radeon™ Vega Graphics,Desktop,5/10/2018,4,4,8,12 (4 CPU + 8 GPU),3.5GHz,3.7GHz,,348KB,2MB,4MB,Yes,14nm FinFET,AM4,,PCIe 3.0,Wraith Stealth,65W,46-65W,95°C,2933MHz,,2,,1100 MHz,,Radeon™ Vega 8 Graphics,8,Yes,Yes,,,AMD Ryzen 3 PRO 2200G,NA,0,6619,NA,2148,NA,65,101.83,18-Mar,AM4,Desktop,18-Mar,3/1/2018
AMD Ryzen 5 2600,AMD Ryzen Processors,AMD Ryzen 5 Desktop Processors,Desktop,4/19/2018,6,12,,,3.4GHz,3.9GHz,,576KB,3MB,16MB,Yes,12nm FinFET,AM4,,PCIe 3.0 x16,Wraith Stealth,65W,,95°C,2933MHz,DDR4,2,,,,Discrete Graphics Card Required,,,,,,AMD Ryzen 5 2600,157.95,157.9,13285,84.11,2268,14.36,65,204.38,18-Apr,AM4,Desktop,18-Apr,4/1/2018
AMD Ryzen 5 2600X,AMD Ryzen Processors,AMD Ryzen 5 Desktop Processors,Desktop,4/19/2018,6,12,,,3.6GHz,4.2GHz,,576KB,3MB,16MB,Yes,12nm FinFET,AM4,,PCIe 3.0 x16,Wraith Spire,95W,,95°C,2933MHz,DDR4,2,,,,Discrete Graphics Card Required,,,,,,AMD Ryzen 5 2600X,198.45,198.4,14112,71.11,2417,12.18,95,148.55,18-Apr,AM4,Desktop,18-Apr,4/1/2018
AMD Ryzen 7 2700,AMD Ryzen Processors,AMD Ryzen 7 Desktop Processors,Desktop,4/19/2018,8,16,,,3.2GHz,4.1GHz,,768KB,4MB,16MB,Yes,12nm FinFET,AM4,,PCIe 3.0 x16,Wraith Spire with RGB LED,65W,,95°C,2933MHz,DDR4,2,,,,Discrete Graphics Card Required,,,,,,AMD Ryzen 7 2700,249.99,249.9,15861,63.45,2227,8.91,65,244.02,18-Apr,AM4,Desktop,18-Apr,4/1/2018
AMD Ryzen 7 2700X,AMD Ryzen Processors,AMD Ryzen 7 Desktop Processors,Desktop,4/19/2018,8,16,,,3.7GHz,4.3GHz,,768KB,4MB,16MB,Yes,12nm FinFET,AM4,,PCIe 3.0 x16,Wraith Prism with RGB LED,105W,,85°C,2933MHz,DDR4,2,,,,Discrete Graphics Card Required,,,,,,AMD Ryzen 7 2700X,301.24,301.2,17583,58.37,2443,8.11,105,167.46,18-Apr,AM4,Desktop,18-Apr,4/1/2018
AMD Athlon PRO 200GE,AMD Athlon PRO Processors,AMD Athlon PRO Desktop Processors with Radeon™ Vega Graphics,Desktop,,2,4,3,5 (2 CPU + 3 GPU),3.2GHz,,,192KB,1MB,4MB,No,14nm,AM4,,PCIe 3.0,,35W,,95°C,2667MHz,,2,,1000 MHz,,Radeon™ Vega 3 Graphics,3,Yes,Yes,,,AMD Athlon PRO 200GE,NA,0,4019,NA,1768,NA,35,114.82,18-May,AM4,Desktop,18-May,5/1/2018
AMD Ryzen 3 PRO 2200GE,AMD Ryzen PRO Processors,AMD Ryzen 3 PRO Desktop Processors with Radeon™ Vega Graphics,Desktop,5/10/2018,4,4,8,,3.2GHz,3.6GHz,,384KB,2MB,4MB,Yes,14nm FinFET,AM4,,PCIe 3.0 x8,Not included,35W,n/aW,95°C,2933MHz,,2,,1100 MHz,,Radeon™ Vega 8 Graphics,8,Yes,Yes,,,AMD Ryzen 3 PRO 2200GE,NA,0,6248,NA,2093,NA,35,178.5,18-May,AM4,Desktop,18-May,5/1/2018
AMD Ryzen 3 PRO 2300U,AMD Ryzen PRO Processors,AMD Ryzen 3 PRO Mobile Processors with Radeon™ Vega Graphics,Laptop,Q1 2019,4,4,6,,2GHz,3.4GHz,,384KB,2MB,4MB,No,14nm,FP5,,PCIe 3.0,n/a,15W,12-25W,95°C,2400MHz,,2,,1100 MHz,,Radeon™ Vega 6 Graphics,6,Yes,Yes,,,AMD Ryzen 3 PRO 2300U,NA,0,5788,NA,1761,NA,15,385.84,18-May,FP5,Laptop,18-May,5/1/2018
AMD Ryzen 5 PRO 2400G,AMD Ryzen PRO Processors,AMD Ryzen 5 PRO Desktop Processors with Radeon™ Vega Graphics,Desktop,5/10/2018,4,8,11,15 (4 CPU + 11 GPU),3.6GHz,3.9GHz,,384KB,2MB,4MB,Yes,14nm FinFET,AM4,,PCIe 3.0,Wraith Stealth,65W,46-65W,95°C,2933MHz,,2,,1250 MHz,,Radeon™ Vega 11 Graphics,11,Yes,Yes,,,AMD Ryzen 5 PRO 2400G,NA,0,8584,NA,2218,NA,65,132.07,18-May,AM4,Desktop,18-May,5/1/2018
AMD Ryzen 5 PRO 2400GE,AMD Ryzen PRO Processors,AMD Ryzen 5 PRO Desktop Processors with Radeon™ Vega Graphics,Desktop,5/10/2018,4,8,11,,3.2GHz,3.8GHz,,384KB,2MB,4MB,Yes,14nm FinFET,AM4,,PCIe 3.0 x8,Not included,35W,n/aW,95°C,2933MHz,,2,,1250 MHz,,Radeon™ Vega 11 Graphics,11,Yes,Yes,,,AMD Ryzen 5 PRO 2400GE,NA,0,7672,NA,2217,NA,35,219.19,18-May,AM4,Desktop,18-May,5/1/2018
AMD Ryzen 5 PRO 2500U,AMD Ryzen PRO Processors,AMD Ryzen 5 PRO Mobile Processors with Radeon™ Vega Graphics,Laptop,Q1 2019,4,8,8,,2GHz,3.6GHz,,384KB,2MB,4MB,No,14nm,FP5,,PCIe 3.0,n/a,15W,12-25W,95°C,2400MHz,,2,,1100 MHz,,Radeon™ Vega 8 Graphics,8,Yes,Yes,,,AMD Ryzen 5 PRO 2500U,NA,0,6561,NA,1999,NA,15,437.37,18-May,FP5,Laptop,18-May,5/1/2018
AMD Ryzen 7 PRO 2700U,AMD Ryzen PRO Processors,AMD Ryzen 7 PRO Mobile Processors with Radeon™ Vega Graphics,Laptop,Q1 2019,4,8,10,,2.2GHz,3.8GHz,,384KB,2MB,4MB,No,14nm,FP5,,PCIe 3.0,n/a,15W,12-25W,95°C,2400MHz,,2,,1300 MHz,,Radeon™ Vega 10 Graphics,10,Yes,Yes,,,AMD Ryzen 7 PRO 2700U,NA,0,7346,NA,2019,NA,15,489.73,18-May,FP5,Laptop,18-May,5/1/2018
AMD Ryzen 5 2400GE,AMD Ryzen Processors,AMD Ryzen 5 Desktop Processors with Radeon™ Vega Graphics,Desktop,4/19/2018,4,8,11,,3.2GHz,3.8GHz,,384KB,2MB,4MB,Yes,14nm FinFET,AM4,,PCIe 3.0 x8,Not included,35W,,95°C,2933MHz,,2,,1250 MHz,,Radeon™ RX Vega 11 Graphics,11,Yes,Yes,,,AMD Ryzen 5 2400GE,NA,0,7500,NA,2111,NA,35,214.29,18-Jun,AM4,Desktop,18-Jun,6/1/2018
AMD Ryzen 3 2300U,AMD Ryzen Processors,AMD Ryzen 3 Mobile Processors with Radeon™ Vega Graphics,Laptop,1/8/2018,4,4,6,,2GHz,3.4GHz,,384KB,2MB,4MB,No,14nm,FP5,,PCIe 3.0,n/a,15W,12-25W,95°C,2400MHz,,2,,1100 MHz,,Radeon™ Vega 6 Graphics,6,Yes,Yes,,,AMD Ryzen 3 2300U,NA,0,5046,NA,1448,NA,15,336.41,18-Jul,FP5,Laptop,18-Jul,7/1/2018
AMD Ryzen 7 PRO 2700X,AMD Ryzen PRO Processors,AMD Ryzen 7 PRO Desktop Processors,Desktop,,8,16,,,3.6GHz,4.1GHz,,768KB,4MB,16MB,Yes,12nm,AM4,,PCIe 3.0,Not included,95W,,95°C,2933MHz,DDR4,2,,,,Discrete Graphics Card Required,,,,,,AMD Ryzen 7 PRO 2700X,NA,0,17634,NA,2403,NA,105,167.94,18-Jul,AM4,Desktop,18-Jul,7/1/2018
AMD Ryzen 3 2200GE,AMD Ryzen Processors,AMD Ryzen 3 Desktop Processors with Radeon™ Vega Graphics,Desktop,4/19/2018,4,4,8,,3.2GHz,3.6GHz,,384KB,2MB,4MB,Yes,14nm FinFET,AM4,,PCIe 3.0 x8,Not included,35W,,95°C,2933MHz,,2,,1100 MHz,,Radeon™ Vega 8 Graphics,8,Yes,Yes,,,AMD Ryzen 3 2200GE,NA,0,5951,NA,1980,NA,35,170.03,18-Aug,AM4,Desktop,18-Aug,8/1/2018
AMD Ryzen 5 PRO 2600,AMD Ryzen PRO Processors,AMD Ryzen 5 PRO Desktop Processors,Desktop,,6,12,,,3.4GHz,3.9GHz,,576KB,3MB,16MB,Yes,12nm,AM4,,PCIe 3.0,Not included,65W,,95°C,2933MHz,DDR4,2,,,,Discrete Graphics Card Required,,,,,,AMD Ryzen 5 PRO 2600,NA,0,13737,NA,2279,NA,65,211.33,18-Aug,AM4,Desktop,18-Aug,8/1/2018
AMD Ryzen 7 PRO 2700,AMD Ryzen PRO Processors,AMD Ryzen 7 PRO Desktop Processors,Desktop,,8,16,,,3.2GHz,4.1GHz,,768KB,4MB,16MB,Yes,12nm,AM4,,PCIe 3.0,Not included,65W,,95°C,2933MHz,DDR4,2,,,,Discrete Graphics Card Required,,,,,,AMD Ryzen 7 PRO 2700,NA,0,15251,NA,2329,NA,65,234.64,18-Aug,AM4,Desktop,18-Aug,8/1/2018
AMD Athlon 200GE,AMD Athlon Processors,AMD Athlon Desktop Processors with Radeon™ Vega Graphics,Desktop,,2,4,3,5 (2 CPU + 3 GPU),3.2GHz,,,192KB,1MB,4MB,No,14nm,AM4,,PCIe 3.0,,35W,,95°C,2667MHz,,2,,1000 MHz,,Radeon™ Vega 3 Graphics,3,Yes,Yes,,,AMD Athlon 200GE,$77.86*,$77.86 ,4143,53.21,1762,22.63,35,118.37,18-Sep,AM4,Desktop,18-Sep,9/1/2018
AMD Athlon 240GE,AMD Athlon Processors,AMD Athlon Desktop Processors with Radeon™ Vega Graphics,Desktop,,2,4,3,5 (2 CPU + 3 GPU),3.5GHz,,,192KB,1MB,4MB,No,14nm,AM4,,PCIe 3.0,,35W,,95°C,2667MHz,,2,,1000 MHz,,Radeon™ Vega 3 Graphics,3,Yes,Yes,,,AMD Athlon 240GE,84.95,84.9,4752,55.94,1982,23.33,35,135.77,19-Jan,AM4,Desktop,19-Jan,1/1/2019
AMD EPYC 7371,AMD EPYC,AMD EPYC 7001 Series,Server,,16,32,,,3.1GHz,3.8GHz,3.6GHz,,,64MB,,,SP3,1P/2P,PCIe 3.0 x128,,200W,,,2666MHz,DDR4,8,170.60 GB/s,,,,,,,,,AMD EPYC 7371,"1,808.99",1808.9,22859,12.64,2180,1.21,NA,NA,19-Jan,SP3,Server,19-Jan,1/1/2019
AMD Ryzen 3 2300X,AMD Ryzen Processors,AMD Ryzen 3 Desktop Processors,Desktop,9/10/2018,4,4,,,3.5GHz,4GHz,,384KB,2MB,8MB,Yes,12nm,AM4,,PCIe 3.0,Not included,65W,,95°C,2933MHz,DDR4,2,,,,Discrete Graphics Card Required,,,,,,AMD Ryzen 3 2300X,$207.18*,$207.18 ,7828,37.78,2364,11.41,65,120.42,19-Jan,AM4,Desktop,19-Jan,1/1/2019
AMD Ryzen 7 2800H,AMD Ryzen Processors,AMD Ryzen 7 Mobile Processors with Radeon™ RX Vega Graphics,Laptop,9/10/2018,4,8,11,,3.3GHz,3.8GHz,,192KB,2MB,4MB,No,14nm,FP5,,PCIe 3.0,n/a,45W,35-54W,95°C,3200MHz,,2,,1300 MHz,,Radeon™ RX Vega 11 Graphics,11,Yes,Yes,,,AMD Ryzen 7 2800H,NA,0,7432,NA,2101,NA,45,165.16,19-Jan,FP5,Laptop,19-Jan,1/1/2019
AMD Ryzen 5 2500X,AMD Ryzen Processors,AMD Ryzen 5 Desktop Processors,Desktop,9/10/2018,4,8,,,3.6GHz,4GHz,,384KB,2MB,8MB,Yes,12nm,AM4,,PCIe 3.0,Not included,65W,,95°C,2933MHz,DDR4,2,,,,Discrete Graphics Card Required,,,,,,AMD Ryzen 5 2500X,NA,0,9690,NA,2358,NA,65,149.08,19-Feb,AM4,Desktop,19-Feb,2/1/2019
AMD Ryzen 5 3550H,AMD Ryzen Processors,AMD Ryzen 5 Mobile Processors with Radeon™ Vega Graphics,Laptop,Q1 2019,4,8,8,,2.1GHz,3.7GHz,,384KB,2MB,4MB,No,12nm,FP5,,PCIe 3.0,n/a,35W,12-35W,105°C,2400MHz,,2,,1200 MHz,,Radeon™ Vega 8 Graphics,8,Yes,Yes,,,AMD Ryzen 5 3550H,NA,0,8096,NA,2082,NA,35,231.32,19-Feb,FP5,Laptop,19-Feb,2/1/2019
AMD Athlon 220GE,AMD Athlon Processors,AMD Athlon Desktop Processors with Radeon™ Vega Graphics,Desktop,,2,4,3,5 (2 CPU + 3 GPU),3.4GHz,,,192KB,1MB,4MB,No,14nm,AM4,,PCIe 3.0,,35W,,95°C,2667MHz,,2,,1000 MHz,,Radeon™ Vega 3 Graphics,3,Yes,Yes,,,AMD Athlon 220GE,79.99,79.9,4472,55.91,1898,23.73,35,127.78,19-Mar,AM4,Laptop,19-Mar,3/1/2019
AMD EPYC 7351,AMD EPYC,AMD EPYC 7001 Series,Server,,16,32,,,2.4GHz,2.9GHz,2.9GHz,,,64MB,,,SP3,1P/2P,PCIe 3.0 x128,,155/170W,,,2400MHz/2666MHz,DDR4,8,153.60 GB/s/170.60 GB/s,,,,,,,,,AMD EPYC 7351,950,95,21261,22.38,1728,1.82,155,137.17,19-Mar,SP3,Server,19-Mar,3/1/2019
AMD Ryzen 5 2600H,AMD Ryzen Processors,AMD Ryzen 5 Mobile Processors with Radeon™ Vega Graphics,Laptop,9/10/2018,4,8,8,,3.2GHz,3.6GHz,,192KB,2MB,4MB,No,14nm,FP5,,PCIe 3.0,n/a,45W,35-54W,95°C,3200MHz,,2,,1100 MHz,,Radeon™ Vega 8 Graphics,8,Yes,Yes,,,AMD Ryzen 5 2600H,NA,0,7317,NA,2063,NA,45,162.61,19-Mar,FP5,Laptop,19-Mar,3/1/2019
AMD Ryzen 5 3500U,AMD Ryzen Processors,AMD Ryzen 5 Mobile Processors with Radeon™ Vega Graphics,Laptop,Q1 2019,4,8,8,,2.1GHz,3.7GHz,,384KB,2MB,4MB,No,12nm,FP5,,PCIe 3.0,n/a,15W,12-35W,105°C,2400MHz,,2,,1200 MHz,,Radeon™ Vega 8 Graphics,8,Yes,Yes,,,AMD Ryzen 5 3500U,NA,0,7182,NA,1991,NA,15,478.81,19-Mar,FP5,Laptop,19-Mar,3/1/2019
AMD EPYC 7301,AMD EPYC,AMD EPYC 7001 Series,Server,,16,32,,,2.2GHz,2.7GHz,2.7GHz,,,64MB,,,SP3,1P/2P,PCIe 3.0 x128,,155/170W,,,2400MHz/2666MHz,DDR4,8,153.60 GB/s/170.60 GB/s,,,,,,,,,AMD EPYC 7301,734.92,734.9,12085,16.44,1228,1.67,155,77.97,19-Apr,SP3,Server,19-Apr,4/1/2019
AMD Ryzen 3 3200U,AMD Ryzen Processors,AMD Ryzen 3 Mobile Processors with Radeon™ Vega Graphics,Laptop,Q1 2019,2,4,3,,2.6GHz,3.5GHz,,192KB,1MB,4MB,No,14nm,FP5,,PCIe 3.0,n/a,15W,12-25W,105°C,2400MHz,,2,,1200 MHz,,Radeon™ Vega 3 Graphics,3,Yes,Yes,,,AMD Ryzen 3 3200U,NA,0,4233,NA,1948,NA,15,282.19,19-Apr,FP5,Laptop,19-Apr,4/1/2019
AMD Ryzen 7 3700U,AMD Ryzen Processors,AMD Ryzen 7 Mobile Processors with Radeon™ RX Vega Graphics,Laptop,Q1 2019,4,8,10,,2.3GHz,4GHz,,384KB,2MB,4MB,No,12nm,FP5,,PCIe 3.0,n/a,15W,12-35W,105°C,2400MHz,,2,,1400 MHz,,Radeon™ RX Vega 10 Graphics,10,Yes,Yes,,,AMD Ryzen 7 3700U,NA,0,7406,NA,2034,NA,15,493.72,19-Apr,FP5,Laptop,19-Apr,4/1/2019
AMD Ryzen 7 PRO 3700U,AMD Ryzen PRO Processors,AMD Ryzen 7 PRO Mobile Processors with Radeon™ Vega Graphics,Laptop,4/8/2019,4,8,10,,2.3GHz,4GHz,,384KB,2MB,4MB,No,12nm,FP5,,PCIe 3.0,n/a,15W,12-25W,95°C,2400MHz,,2,,1400 MHz,,Radeon™ Vega 10 Graphics,10,Yes,Yes,,,AMD Ryzen 7 PRO 3700U,NA,0,7353,NA,2110,NA,15,490.19,19-Apr,FP5,Laptop,19-Apr,4/1/2019
AMD Ryzen 3 PRO 3300U,AMD Ryzen PRO Processors,AMD Ryzen 3 PRO Mobile Processors with Radeon™ Vega Graphics,Laptop,4/8/2019,4,4,6,,2.1GHz,3.5GHz,,384KB,2MB,4MB,No,12nm,FP5,,PCIe 3.0,n/a,15W,12-25W,95°C,2400MHz,,2,,1200 MHz,,Radeon™ Vega 6 Graphics,6,Yes,Yes,,,AMD Ryzen 3 PRO 3300U,NA,0,5977,NA,2011,NA,15,398.49,19-May,FP5,Laptop,19-May,5/1/2019
AMD Ryzen 7 3750H,AMD Ryzen Processors,AMD Ryzen 7 Mobile Processors with Radeon™ RX Vega Graphics,Laptop,Q1 2019,4,8,10,,2.3GHz,4GHz,,384KB,2MB,4MB,No,12nm,FP5,,PCIe 3.0,n/a,35W,12-35W,105°C,2400MHz,,2,,1400 MHz,,Radeon™ RX Vega 10 Graphics,10,Yes,Yes,,,AMD Ryzen 7 3750H,NA,0,8497,NA,2168,NA,35,242.78,19-May,FP5,Laptop,19-May,5/1/2019
AMD Ryzen 5 3600,AMD Ryzen Processors,AMD Ryzen 5 Desktop Processors,Desktop,7/7/2019,6,12,,,3.6GHz,4.2GHz,,64KB,3MB,32MB,Yes,TSMC 7nm FinFET,AM4,,PCIe 4.0 x16,Wraith Stealth,65W,,95°C,3200MHz,DDR4,2,,,,Discrete Graphics Card Required,,,,,,AMD Ryzen 5 3600,167,16,17792,106.54,2576,15.43,65,273.73,19-Jun,AM4,Desktop,19-Jun,6/1/2019
AMD Athlon 300U,AMD Athlon Processors,AMD Athlon Mobile Processors with Radeon™ Vega Graphics,Laptop,,2,4,3,5 (2 CPU + 3 GPU),2.4GHz,3.3GHz,,193KB,1MB,4MB,No,14nm,FP5,,,,15W,,105°C,2400MHz,,2,,1000 MHz,,Radeon™ Vega 3 Graphics,3,Yes,Yes,,,AMD Athlon 300U,NA,0,4023,NA,1874,NA,15,268.18,19-Jul,FP5,Laptop,19-Jul,7/1/2019
AMD Ryzen 3 3200G,AMD Ryzen Processors,AMD Ryzen 3 Desktop Processors with Radeon™ Vega Graphics,Desktop,7/7/2019,4,4,8,,3.6GHz,4GHz,,384KB,2MB,4MB,Yes,12nm FinFET,AM4,,PCIe 3.0 x8,Wraith Stealth,65W,45-65W,95°C,2933MHz,,2,,1250 MHz,,Radeon™ Vega 8 Graphics,8,Yes,Yes,,,AMD Ryzen 3 3200G,89.99,89.9,7267,80.75,2226,24.74,65,111.8,19-Jul,AM4,Desktop,19-Jul,7/1/2019
AMD Ryzen 5 3400G,AMD Ryzen Processors,AMD Ryzen 5 Desktop Processors with Radeon™ Vega Graphics,Desktop,7/7/2019,4,8,11,,3.7GHz,4.2GHz,,384KB,2MB,4MB,Yes,12nm FinFET,AM4,,PCIe 3.0 x8,Wraith Spire,65W,45-65W,95°C,2933MHz,,2,,1400 MHz,,Radeon™ RX Vega 11 Graphics,11,Yes,Yes,,,AMD Ryzen 5 3400G,229.99,229.9,9424,40.97,2385,10.37,65,144.98,19-Jul,AM4,Desktop,19-Jul,7/1/2019
AMD Ryzen 5 3600X,AMD Ryzen Processors,AMD Ryzen 5 Desktop Processors,Desktop,7/7/2019,6,12,,,3.8GHz,4.4GHz,,64KB,3MB,32MB,Yes,TSMC 7nm FinFET,AM4,,PCIe 4.0 x16,Wraith Spire,95W,,95°C,3200MHz,DDR4,2,,,,Discrete Graphics Card Required,,,,,,AMD Ryzen 5 3600X,204.99,204.9,18345,89.49,2676,13.06,95,193.1,19-Jul,AM4,Desktop,19-Jul,7/1/2019
AMD Ryzen 5 PRO 3500U,AMD Ryzen PRO Processors,AMD Ryzen 5 PRO Mobile Processors with Radeon™ Vega Graphics,Laptop,4/8/2019,4,8,8,,2.1GHz,3.7GHz,,384KB,2MB,4MB,No,12nm,FP5,,PCIe 3.0,n/a,15W,12-25W,95°C,2400MHz,,2,,1200 MHz,,Radeon™ Vega 8 Graphics,8,Yes,Yes,,,AMD Ryzen 5 PRO 3500U,NA,0,7543,NA,2095,NA,15,502.89,19-Jul,FP5,Laptop,19-Jul,7/1/2019
AMD Ryzen 7 3700X,AMD Ryzen Processors,AMD Ryzen 7 Desktop Processors,Desktop,7/7/2019,8,16,,,3.6GHz,4.4GHz,,64KB,4MB,32MB,Yes,TSMC 7nm FinFET,AM4,,PCIe 4.0 x16,Wraith Prism with RGB LED,65W,,95°C,3200MHz,DDR4,2,,,,Discrete Graphics Card Required,,,,,,AMD Ryzen 7 3700X,274.99,274.9,22697,82.54,2679,9.74,65,349.18,19-Jul,AM4,Desktop,19-Jul,7/1/2019
AMD Ryzen 7 3800X,AMD Ryzen Processors,AMD Ryzen 7 Desktop Processors,Desktop,7/7/2019,8,16,,,3.9GHz,4.5GHz,,64KB,4MB,32MB,Yes,TSMC 7nm FinFET,AM4,,PCIe 4.0 x16,Wraith Prism with RGB LED,105W,,95°C,3200MHz,DDR4,2,,,,Discrete Graphics Card Required,,,,,,AMD Ryzen 7 3800X,328.98,328.9,23323,70.9,2750,8.36,105,222.13,19-Jul,AM4,Desktop,19-Jul,7/1/2019
AMD Ryzen 9 3900X,AMD Ryzen Processors,AMD Ryzen 9 Desktop Processors,Desktop,7/7/2019,12,24,,,3.8GHz,4.6GHz,,64KB,6MB,64MB,Yes,TSMC 7nm FinFET,AM4,,PCIe 4.0 x16,Wraith Prism with RGB LED,105W,,95°C,3200MHz,DDR4,2,,,,Discrete Graphics Card Required,,,,,,AMD Ryzen 9 3900X,417,41,32804,78.67,2725,6.54,105,312.42,19-Jul,AM4,Desktop,19-Jul,7/1/2019
AMD Ryzen 3 3300U,AMD Ryzen Processors,AMD Ryzen 3 Mobile Processors with Radeon™ Vega Graphics,Laptop,Q1 2019,4,4,6,,2.1GHz,3.5GHz,,384KB,2MB,4MB,No,12nm,FP5,,PCIe 3.0,n/a,15W,12-35W,105°C,2400MHz,,2,,1200 MHz,,Radeon™ Vega 6 Graphics,6,Yes,Yes,,,AMD Ryzen 3 3300U,NA,0,5688,NA,1822,NA,15,379.19,19-Aug,FP5,Laptop,19-Aug,8/1/2019
AMD EPYC 7502P,AMD EPYC,AMD EPYC 7002 Series,Server,,32,64,,,2.5GHz,3.35GHz,,,,128MB,,,SP3,1P,PCIe 4.0 x128,,180W,,,3200MHz,DDR4,8,204.80 GB/s,,,,,,,,,AMD EPYC 7502P,"2,582.02",2582,48724,18.87,1838,0.71,180,270.69,19-Sep,SP3,Server,19-Sep,9/1/2019
AMD EPYC 7702P,AMD EPYC,AMD EPYC 7002 Series,Server,,64,128,,,2GHz,3.35GHz,,,,256MB,,,SP3,1P,PCIe 4.0 x128,,200W,,,3200MHz,DDR4,8,204.80 GB/s,,,,,,,,,AMD EPYC 7702P,"4,783.99",4783.9,63910,13.36,2073,0.43,200,319.55,19-Sep,SP3,Server,19-Sep,9/1/2019
AMD EPYC 7742,AMD EPYC,AMD EPYC 7002 Series,Server,,64,128,,,2.25GHz,3.4GHz,,,,256MB,,,SP3,1P/2P,PCIe 4.0 x128,,225W,,,3200MHz,DDR4,8,204.80 GB/s,,,,,,,,,AMD EPYC 7742,"7,410.00",741,66679,9,2127,0.29,225,296.35,19-Sep,SP3,Server,19-Sep,9/1/2019
AMD Ryzen 7 2700E,AMD Ryzen Processors,AMD Ryzen 7 Desktop Processors,Desktop,Sep-18,8,16,,,2.8GHz,4GHz,,768KB,4MB,16MB,Yes,12nm,AM4,,PCIe 3.0,Not included,45W,,95°C,2667MHz,DDR4,2,,,,Discrete Graphics Card Required,,,,,,AMD Ryzen 7 2700E,NA,0,14647,NA,2410,NA,45,325.48,19-Sep,AM4,Desktop,19-Sep,9/1/2019
AMD EPYC 7402P,AMD EPYC,AMD EPYC 7002 Series,Server,,24,48,,,2.8GHz,3.35GHz,,,,128MB,,,SP3,1P,PCIe 4.0 x128,,180W,,,3200MHz,DDR4,8,204.80 GB/s,,,,,,,,,AMD EPYC 7402P,"1,403.99",1403.9,35435,25.24,1462,1.04,180,196.86,19-Oct,SP3,Server,19-Oct,10/1/2019
AMD EPYC 7302P,AMD EPYC,AMD EPYC 7002 Series,Server,,16,32,,,3GHz,3.3GHz,,,,128MB,,,SP3,1P,PCIe 4.0 x128,,155W,,,3200MHz,DDR4,8,204.80 GB/s,,,,,,,,,AMD EPYC 7302P,913.99,913.9,38825,42.48,2073,2.27,155,250.49,19-Nov,SP3,Server,19-Nov,11/1/2019
AMD EPYC 7452,AMD EPYC,AMD EPYC 7002 Series,Server,,32,64,,,2.35GHz,3.35GHz,,,,128MB,,,SP3,1P/2P,PCIe 4.0 x128,,155W,,,3200MHz,DDR4,8,204.80 GB/s,,,,,,,,,AMD EPYC 7452,"2,317.15",2317.1,53075,22.91,2049,0.88,155,342.42,19-Nov,SP3,Server,19-Nov,11/1/2019
AMD Ryzen 9 3950X,AMD Ryzen Processors,AMD Ryzen 9 Desktop Processors,Desktop,,16,32,,,3.5GHz,4.7GHz,,,8MB,64MB,Yes,TSMC 7nm FinFET,AM4,,PCIe 4.0 x16,Wraith Prism with RGB LED,105W,,,3200MHz,DDR4,2,,,,Discrete Graphics Card Required,,,,,,AMD Ryzen 9 3950X,709.99,709.9,39400,55.49,2746,3.87,105,375.24,19-Nov,AM4,Desktop,19-Nov,11/1/2019
AMD EPYC 7262,AMD EPYC,AMD EPYC 7002 Series,Server,,8,16,,,3.2GHz,3.4GHz,,,,128MB,,,SP3,1P/2P,PCIe 4.0 x128,,155W,,,3200MHz,DDR4,8,204.80 GB/s,,,,,,,,,AMD EPYC 7262,$667.25*,$667.25 ,28706,43.02,2007,3.01,155,185.2,19-Dec,SP3,Server,19-Dec,12/1/2019
AMD EPYC 7232P,AMD EPYC,AMD EPYC 7002 Series,Server,,8,16,,,3.1GHz,3.2GHz,,,,32MB,,,SP3,1P,PCIe 4.0 x128,,120W,,,3200MHz,DDR4,8,85.30 GB/s,,,,,,,,,AMD EPYC 7232P,528.29,528.2,16365,30.98,1238,2.34,120,136.38,20-May,SP3,Server,20-May,5/1/2020
AMD EPYC 7272,AMD EPYC,AMD EPYC 7002 Series,Server,,12,24,,,2.9GHz,3.2GHz,,,,64MB,,,SP3,1P/2P,PCIe 4.0 x128,,120W,,,3200MHz,DDR4,8,85.30 GB/s,,,,,,,,,AMD EPYC 7272,NA,0,26454,NA,2019,NA,120,220.45,20-May,SP3,Server,20-May,5/1/2020
AMD EPYC 7702,AMD EPYC,AMD EPYC 7002 Series,Server,,64,128,,,2GHz,3.35GHz,,,,256MB,,,SP3,1P/2P,PCIe 4.0 x128,,200W,,,3200MHz,DDR4,8,204.80 GB/s,,,,,,,,,AMD EPYC 7702,"6,300.00",630,71362,11.33,2067,0.33,200,356.81,20-May,SP3,Server,20-May,5/1/2020
